;0
Unknown;unknown
Smith & Nephew;smith & nephew
ZIMMERBIOMET;ZimmerBiomet
Aesculap;aesculap
stryker;Stryker
Rudolf;rudolf
Medsys;MedSys
Medicon;medicon
simal;Simal
Karl Storz;karl storz
geomed;Geomed
zimmer;Zimmer
Swiss;swiss
landanger;Landanger
Indifférent;indifférent
storz;Storz
depuy;Depuy
As;AS
medtronic;Medtronic
Mathys;mathys
martin;Martin
Nopa;nopa
Arthrex;arthrex
KLS Martin;kls martin
explorent;Explorent
Wolf;wolf
olympus;Olympus
synthes;Synthes
md medical;MD Medical
Biomet;biomet
Spiggle & Theis;spiggle & theis
Leibinger;leibinger
Medlane;medlane
Pilling;pilling
pouret;Pouret
normmed;Normmed
Duchateau;duchateau
Acufex;acufex
micro france;Micro France
Pro-Med;PRO-MED
snowden-pencer;snowden pencer
D Simal;d simal
Stoma;stoma
bittner;Bittner
lapperre;Lapperre
acumed;Acumed
Lawton;lawton
Moria;moria
geuder;Geuder
md ecoline;Md Ecoline
Hu-Friedy;hu-friedy
codman;Codman
Link;link
jakobi;Jakobi
Mitek;mitek
asanus;Asanus
SERF;Serf
duckworth & kent;Duckworth & Kent
ulrich;Ulrich
Inomed;inomed
sklar;Sklar
Inox France;inox france
Innomed;innomed
scanlan;Scanlan
omni-tract;Omni-Tract
ophmed;Ophmed
paul louis;Paul-Louis
Henry Schein;henry schein
Deckers;deckers
Delacroix-Chevalier;delacroix-chevalier
heiss;Heiss
Medin;medin
fci-france;Fci-France
bag;Bag
S & T;s & t
dorc;Dorc
Vitalitec;vitalitec
Stainless;stainless
fentex;Fentex
Gimmi;gimmi
Zepf;zepf
newdeal;Newdeal
Lepine;lepine
rhein;Rhein
Harmonic;harmonic
dyonics;Dyonics
tekno;Tekno
alcon;Alcon
weck;Weck
ethicon;Ethicon
hall;Hall
reda;Reda
arex;Arex
synvasive;Synvasive
Marlin;marlin
laperre;Laperre
geister;Geister
femcare UK;Femcare Uk
H.ZEPF;H.zepf
Bag France;bag france
Bowa;bowa
collin;Collin
ems;Ems
elcon;Elcon
Mueller;mueller
s&t;S&T
w&h;W&H
sutter;Sutter
Medicmicro;MedicMicro
valleylab;Valleylab
jacobs;Jacobs
lemo;Lemo
richards;Richards
Stille;stille
fehling;Fehling
Zeppelin;zeppelin
swann morton;Swann Morton
byron;Byron
ace;Ace
Hebu;hebu
chirurg germany;Chirurg Germany
tontarra;Tontarra
Rebstock;rebstock
Spine Solution;spine solution
Erbe;erbe
Dufner;dufner
Protek;protek
dentsply;Dentsply
p.louis;p louis
Chifa;chifa
Kurz;kurz
Allopro;allopro
Maquet;maquet
septaline;Septaline
Lubberts;lubberts
Sulzer;sulzer
Germany;germany
Facom;facom
weiss;Weiss
xomed;XOMED
Polodent;polodent
Bissinger;bissinger
Hospithera;hospithera
micra;Micra
conmed;Conmed
Codema;codema
Dimeda;dimeda
ophtec;Ophtec
Heine;HEINE
Trackray;trackray
NSK;nsk
Asa Dental;Asa-Dental
Vaassen;vaassen
Buxton;buxton
asico;Asico
hemolok;Hemolok
Accuratus;accuratus
HU FRIEDY;HU-Friedy
midas rex;Midas Rex
jesco;Jesco
biotronik;Biotronik
Chevalier;chevalier
Pws;pws
prodont-holliger;Prodont-Holliger
Medwork;medwork
Beaver;beaver
Horizon;horizon
Mds Medical;mds medical
A.HEISS;A.Heiss
nobel biocare;Nobel Biocare
hermann;Hermann
microline;Microline
Jarit;jarit
austenal vitalium;Austenal Vitalium
down england;Down England
Infinity;infinity
Markel;markel
euromi;Euromi
Legend;legend
mattes;Mattes
Endovision;endovision
duomed;Duomed
ackermann;Ackermann
Sterima;sterima
Devroe;devroe
hoffmann;Hoffmann
titanium;Titanium
mediflex;Mediflex
matrix;Matrix
mitutoyo;Mitutoyo
Zsi;zsi
Thackray;thackray
acufirm;Acufirm
Ash England;ash england
Widia;widia
bard;Bard
titamed;Titamed
shutt concept;Shutt Concept
safico;Safico
portex;Portex
Assi;assi
Crimo;crimo
Med;MED
Surgmatic;SURGMATIC
STOMA;SToma
inox;Inox
langbein;Langbein
